{
    "realsense_serial_num": "932122060549",
    "time": "20210326155042735551",
    "depth_fx": 1386.903564453125,
    "depth_fy": 1383.8934326171875,
    "depth_cx": 948.6588745117188,
    "depth_cy": 535.3060913085938,
    "depth_scale": 0.0010000000474974513,
    "depth_width": 1920,
    "depth_height": 1080,
    "rgb_fx": 1386.903564453125,
    "rgb_fy": 1383.8934326171875,
    "rgb_cx": 948.6588745117188,
    "rgb_cy": 535.3060913085938,
    "rgb_width": 1920,
    "rgb_height": 1080,
    "calibrateMat": [
        [
            0.031781489086497014,
            0.8891655910562317,
            -0.4569244949440145,
            0.33334336621930843
        ],
        [
            -0.36988290909546123,
            -0.41425393119555887,
            -0.8318568503624165,
            0.4758937801885053
        ],
        [
            -0.9292045776611076,
            0.17746534276198708,
            0.3247928731034423,
            -0.1002935547680947
        ],
        [
            0.0,
            0.0,
            0.0,
            1.0
        ]
    ],
    "positiveBoundaryCorner": [
        0.3,
        1.0,
        1.0
    ],
    "negativeBoundaryCorner": [
        -1.0,
        -1.0,
        -1.0
    ]
}