{
    "realsense_serial_num": "932122061823",
    "time": "20210326155042779476",
    "depth_fx": 1388.5001220703125,
    "depth_fy": 1384.939697265625,
    "depth_cx": 956.499267578125,
    "depth_cy": 535.33203125,
    "depth_scale": 0.0010000000474974513,
    "depth_width": 1920,
    "depth_height": 1080,
    "rgb_fx": 1388.5001220703125,
    "rgb_fy": 1384.939697265625,
    "rgb_cx": 956.499267578125,
    "rgb_cy": 535.33203125,
    "rgb_width": 1920,
    "rgb_height": 1080,
    "calibrateMat": [
        [
            0.25045862126316204,
            0.5792983982219013,
            0.7760272217284363,
            -0.514156332448194
        ],
        [
            -0.17381904770402767,
            0.8154357054787459,
            -0.5526173657212605,
            0.4761588604089298
        ],
        [
            -0.9582100324232633,
            -0.00987057745995687,
            0.2868283623965319,
            -0.0815365204250147
        ],
        [
            0.0,
            0.0,
            0.0,
            1.0
        ]
    ],
    "positiveBoundaryCorner": [
        0.3,
        1.0,
        1.0
    ],
    "negativeBoundaryCorner": [
        -1.0,
        -1.0,
        -1.0
    ]
}