{"realsense_serial_num": "634204003874", "time": "20201029150546098733", "depth_fx": 933.2684326171875, "depth_fy": 933.2685546875, "depth_cx": 631.7733154296875, "depth_cy": 349.50006103515625, "depth_scale": 0.00012498664727900177, "depth_width": 1280, "depth_height": 720, "rgb_fx": 933.2684326171875, "rgb_fy": 933.2685546875, "rgb_cx": 631.7733154296875, "rgb_cy": 349.50006103515625, "rgb_width": 1280, "rgb_height": 720, "calibrateMat": [[1.0, 0.0, 0.0, 0.0], [0.0, 1.0, 0.0, 0.0], [0.0, 0.0, 1.0, 0.0], [0.0, 0.0, 0.0, 1.0]], "positiveBoundaryCorner": [1.0, 1.0, 1.0], "negativeBoundaryCorner": [-1.0, -1.0, -1.0]}