{
    "realsense_serial_num": "634204003874",
    "time": "20201029150625453271",
    "depth_fx": 933.2684326171875,
    "depth_fy": 933.2685546875,
    "depth_cx": 631.7733154296875,
    "depth_cy": 349.50006103515625,
    "depth_scale": 0.00012498664727900177,
    "depth_width": 1280,
    "depth_height": 720,
    "rgb_fx": 933.2684326171875,
    "rgb_fy": 933.2685546875,
    "rgb_cx": 631.7733154296875,
    "rgb_cy": 349.50006103515625,
    "rgb_width": 1280,
    "rgb_height": 720,
    "calibrateMat": [
        [
            0.9377396,
            0.2416840,
            -0.2494662,
            0.001842823
        ],
        [
            0.2332791,
            -0.9703544,
            -0.0631913,
            0.0048
        ],
        [
            -0.2573430,
            0.0010618,
            -0.9663196,
            0.5869451
        ],
        [
            0.0,
            0.0,
            0.0,
            1.0
        ]
    ],
    "positiveBoundaryCorner": [
        1.0,
        1.0,
        0.61
    ],
    "negativeBoundaryCorner": [
        -1.0,
        -1.0,
        -1.0
    ]
}