{"depth_fx": 276.592041015625, "depth_fy": 275.9597900390625, "depth_cx": 191.560205078125, "depth_cy": 106.30732421875, "depth_scale": 0.0010000000474974513, "depth_width": 384, "depth_height": 216, "rgb_fx": 276.592041015625, "rgb_fy": 275.9597900390625, "rgb_cx": 191.560205078125, "rgb_cy": 106.30732421875, "rgb_width": 1920, "rgb_height": 1080, "calibrateMat": [[0.18897730069748442, 0.13334795598474075, 0.9729277526928535, -0.5648680112156754], [-0.09401616285776032, 0.9886843733539195, -0.11724623879448175, 0.18128455602247862], [-0.9757558613904314, -0.0680971249698539, 0.20819651783168616, -0.017502510334828907], [0.0, 0.0, 0.0, 1.0]], "positiveBoundaryCorner": [0.44, 0.95, 0.35], "negativeBoundaryCorner": [-0.34, 0.01, -0.23]}