{"depth_fx": 603.755859375, "depth_fy": 603.755859375, "depth_cx": 317.35693359375, "depth_cy": 239.65318298339844, "depth_scale": 0.0010000000474974513, "depth_width": 640, "depth_height": 480, "rgb_fx": 617.1111450195312, "rgb_fy": 615.5287475585938, "rgb_cx": 318.4441223144531, "rgb_cy": 237.9253387451172, "rgb_width": 640, "rgb_height": 480, "calibrateMat": [[1.0, 0.0, 0.0, 0.0], [0.0, 1.0, 0.0, 0.0], [0.0, 0.0, 1.0, 0.0], [0.0, 0.0, 0.0, 1.0]], "positiveBoundaryCorner": [1.0, 1.0, 1.0], "negativeBoundaryCorner": [-1.0, -1.0, -1.0]}